{
  "0": {
    "precision": 0.8673366834170855,
    "recall": 0.8338164251207729,
    "f1-score": 0.8502463054187193,
    "support": 1035.0
  },
  "1": {
    "precision": 0.5845410628019324,
    "recall": 0.6470588235294118,
    "f1-score": 0.6142131979695431,
    "support": 374.0
  },
  "accuracy": 0.7842441447835344,
  "macro avg": {
    "precision": 0.7259388731095089,
    "recall": 0.7404376243250923,
    "f1-score": 0.7322297516941312,
    "support": 1409.0
  },
  "weighted avg": {
    "precision": 0.7922724093858099,
    "recall": 0.7842441447835344,
    "f1-score": 0.787594508267554,
    "support": 1409.0
  }
}